{
  "display": {
    "background": "minecraft:textures/block/stone.png",
    "icon": {
      "id": "justblocks_reblocked:bluxyca"
    },
    "title": {
      "translate": "advancements.bluxyca_start.title"
    },
    "description": {
      "translate": "advancements.bluxyca_start.descr"
    },
    "frame": "task",
    "show_toast": true,
    "announce_to_chat": true,
    "hidden": false
  },
  "criteria": {
    "bluxyca_start_0": {
      "trigger": "minecraft:inventory_changed",
      "conditions": {
        "items": [
          {
            "items": [
              "justblocks_reblocked:bluxycafragment"
            ],
            "count": {
              "min": 1,
              "max": 1
            }
          }
        ]
      }
    }
  },
  "rewards": {
    "experience": 30,
    "recipes": [
      "justblocks_reblocked:bp_craft",
      "justblocks_reblocked:bs_craft",
      "justblocks_reblocked:ba_craft",
      "justblocks_reblocked:b_craft",
      "justblocks_reblocked:bo_smelt",
      "justblocks_reblocked:br_craft"
    ]
  }
}