{
  "_fv": 66,
  "_type": "achievement",
  "definition": {
    "achievementName": "The Start of a Jurney",
    "achievementDescription": "You Obtain Bluxyca Fragment",
    "achievementIcon": {
      "value": "CUSTOM:Bluxyca"
    },
    "background": "Default",
    "disableDisplay": false,
    "showPopup": true,
    "announceToChat": true,
    "hideIfNotCompleted": false,
    "rewardLoot": [],
    "rewardRecipes": [
      "BPCraft",
      "BSCraft",
      "BACraft",
      "BCraft",
      "BOSmelt",
      "BRCraft"
    ],
    "rewardFunction": "No function",
    "rewardXP": 30,
    "achievementType": "task",
    "parent": {
      "value": "No parent: root"
    },
    "triggerxml": "<xml xmlns=\"https://developers.google.com/blockly/xml\"><block type=\"advancement_trigger\" deletable=\"false\" x=\"60\" y=\"39\"><next><block type=\"item_in_inventory\"><value name=\"amount_l\"><block type=\"math_number\"><field name=\"NUM\">1</field></block></value><value name=\"amount_h\"><block type=\"math_number\"><field name=\"NUM\">1</field></block></value><value name=\"item\"><block type=\"mcitem_all\"><field name=\"value\">CUSTOM:Bluxycafragment</field></block></value></block></next></block></xml>"
  }
}