{
  "_fv": 66,
  "_type": "villagertrade",
  "definition": {
    "tradeEntries": [
      {
        "villagerProfession": {
          "value": "TOOLSMITH"
        },
        "entries": [
          {
            "price1": {
              "value": "Items.EMERALD"
            },
            "countPrice1": 10,
            "price2": {
              "value": "Items.DIAMOND"
            },
            "countPrice2": 1,
            "offer": {
              "value": "CUSTOM:Bluxycafragment"
            },
            "countOffer": 1,
            "level": 5,
            "maxTrades": 100,
            "xp": 100,
            "priceMultiplier": 0.1
          }
        ]
      },
      {
        "villagerProfession": {
          "value": "WEAPONSMITH"
        },
        "entries": [
          {
            "price1": {
              "value": "Items.EMERALD"
            },
            "countPrice1": 10,
            "price2": {
              "value": "Items.DIAMOND"
            },
            "countPrice2": 1,
            "offer": {
              "value": "CUSTOM:Bluxycafragment"
            },
            "countOffer": 1,
            "level": 5,
            "maxTrades": 10,
            "xp": 5,
            "priceMultiplier": 0.05
          }
        ]
      }
    ]
  }
}