{
  "_fv": 66,
  "_type": "dimension",
  "definition": {
    "biomesInDimension": [
      {
        "value": "CUSTOM:BluxycaLand"
      }
    ],
    "worldGenType": "Nether like gen",
    "mainFillerBlock": {
      "value": "CUSTOM:Bluxyca"
    },
    "fluidBlock": {
      "value": "Blocks.FLOWING_WATER"
    },
    "airColor": {
      "value": -16767745,
      "falpha": 0.0
    },
    "canRespawnHere": true,
    "hasFog": false,
    "isDark": false,
    "doesWaterVaporize": false,
    "sleepResult": "ALLOW",
    "hasSkyLight": false,
    "imitateOverworldBehaviour": false,
    "portalFrame": {
      "value": "CUSTOM:Bluxyca"
    },
    "portalParticles": {
      "value": "PORTAL"
    },
    "portalLuminance": 0,
    "portalSound": {
      "value": "block.portal.ambient"
    },
    "enableIgniter": true,
    "igniterName": "Fire Stick",
    "igniterRarity": "EPIC",
    "specialInformation": {
      "fixedValue": []
    },
    "creativeTabs": [
      {
        "value": "TOOLS"
      }
    ],
    "texture": "igniterfirede",
    "portalTexture": "minecraft:blue_concrete",
    "enablePortal": true
  }
}