{
  "_fv": 66,
  "_type": "biome",
  "definition": {
    "name": "Corruption",
    "groundBlock": {
      "value": "Blocks.CRIMSON_NYLIUM"
    },
    "undergroundBlock": {
      "value": "Blocks.NETHERRACK"
    },
    "underwaterBlock": {
      "value": "Blocks.NETHERRACK"
    },
    "airColor": {
      "value": -11135723,
      "falpha": 0.0
    },
    "grassColor": {
      "value": -11135723,
      "falpha": 0.0
    },
    "foliageColor": {
      "value": -11135723,
      "falpha": 0.0
    },
    "waterColor": {
      "value": -65536,
      "falpha": 0.0
    },
    "waterFogColor": {
      "value": -12124160,
      "falpha": 0.0
    },
    "ambientSound": {
      "value": ""
    },
    "additionsSound": {
      "value": ""
    },
    "music": {
      "value": ""
    },
    "moodSound": {
      "value": ""
    },
    "moodSoundDelay": 6000,
    "spawnParticles": false,
    "particleToSpawn": {
      "value": "EXPLOSION_NORMAL"
    },
    "particlesProbability": 0.5,
    "rainingPossibility": 0.5,
    "temperature": 0.5,
    "spawnBiome": true,
    "spawnInCaves": true,
    "spawnBiomeNether": true,
    "genTemperature": {
      "min": -0.5,
      "max": 0.5
    },
    "genHumidity": {
      "min": -0.5,
      "max": 0.5
    },
    "genContinentalness": {
      "min": 0.3,
      "max": 1.0
    },
    "genErosion": {
      "min": -0.5,
      "max": 0.5
    },
    "genWeirdness": {
      "min": -1.0,
      "max": 1.0
    },
    "treesPerChunk": 5,
    "vanillaTreeType": "Mega spruce trees",
    "treeType": 1,
    "minHeight": 7,
    "treeStem": {
      "value": "Blocks.CRIMSON_STEM"
    },
    "treeBranch": {
      "value": "Blocks.NETHER_WART_BLOCK"
    },
    "treeVines": {
      "value": "Blocks.WEEPING_VINES_PLANT"
    },
    "treeFruits": {
      "value": "Blocks.NETHER_WART"
    },
    "defaultFeatures": [
      "Caves",
      "Ores",
      "FrozenTopLayer"
    ],
    "spawnStronghold": true,
    "spawnMineshaft": false,
    "spawnMineshaftMesa": false,
    "spawnPillagerOutpost": false,
    "villageType": "none",
    "spawnWoodlandMansion": false,
    "spawnJungleTemple": false,
    "spawnDesertPyramid": false,
    "spawnSwampHut": false,
    "spawnIgloo": false,
    "spawnOceanMonument": false,
    "spawnShipwreck": false,
    "spawnShipwreckBeached": false,
    "spawnBuriedTreasure": false,
    "oceanRuinType": "NONE",
    "spawnNetherBridge": true,
    "spawnNetherFossil": true,
    "spawnBastionRemnant": true,
    "spawnEndCity": false,
    "spawnRuinedPortal": "NETHER",
    "spawnEntries": [
      {
        "entity": {
          "value": "EntityGiantZombie"
        },
        "minGroup": 4,
        "maxGroup": 4,
        "weight": 20,
        "spawnType": "monster"
      }
    ]
  }
}