{
  "has_precipitation": true,
  "temperature": 0.5,
  "downfall": 0.5,
  "effects": {
    "foliage_color": -11135723,
    "grass_color": -11135723,
    "sky_color": -11135723,
    "fog_color": -11135723,
    "water_color": -65536,
    "water_fog_color": -12124160
  },
  "spawners": {
    "monster": [
      {
        "type": "giant",
        "weight": 20,
        "minCount": 4,
        "maxCount": 4
      }
    ],
    "creature": [],
    "ambient": [],
    "axolotls": [],
    "underground_water_creature": [],
    "water_creature": [],
    "water_ambient": [],
    "misc": []
  },
  "spawn_costs": {},
  "carvers": {},
  "features": [
    [],
    [],
    [],
    [],
    [],
    [],
    [],
    [],
    [],
    [
      "justblocks_reblocked:corruption_tree"
    ],
    [
      "minecraft:freeze_top_layer"
    ]
  ]
}